,Label,feature extraction,accuracy,sem,loss,val_loss,time
0,ReasoningLevel,tfidf,"0    0.481146
1    0.442391
2    0.441391
3    0.436196
4    0.436707
5    0.433506
6    0.430254
Name: accuracy, dtype: float64","0    0.002777
1    0.002982
2    0.002785
3    0.002691
4    0.002595
5    0.002516
6    0.002442
Name: sem, dtype: float64","0    1.339635
1    1.347104
2    1.343398
3    1.344487
4    1.342345
5    1.340371
6    1.340911
Name: loss, dtype: float64","0    1.339635
1    1.347104
2    1.343398
3    1.344487
4    1.342345
5    1.340371
6    1.340911
Name: valloss, dtype: float64",00:00:29
1,ReasoningLevel,bow,"0    0.496354
1    0.466813
2    0.447754
3    0.447563
4    0.449171
5    0.442838
6    0.438465
Name: accuracy, dtype: float64","0    0.003560
1    0.003724
2    0.003414
3    0.003224
4    0.003155
5    0.002959
6    0.002823
Name: sem, dtype: float64","0    1.335016
1    1.346131
2    1.347079
3    1.346741
4    1.345711
5    1.344597
6    1.343612
Name: loss, dtype: float64","0    1.335016
1    1.346131
2    1.347079
3    1.346741
4    1.345711
5    1.344597
6    1.343612
Name: valloss, dtype: float64",00:08:26
