,Label,feature extraction,accuracy,sem,loss,val_loss,time
0,ArgumentLevel,tfidf,"0    0.770813
1    0.770770
2    0.772062
3    0.774707
4    0.776528
5    0.777769
6    0.778577
Name: accuracy, dtype: float64","0    0.002786
1    0.002857
2    0.002734
3    0.002465
4    0.002296
5    0.002180
6    0.002106
Name: sem, dtype: float64","0    0.656210
1    0.649265
2    0.646757
3    0.643937
4    0.641378
5    0.639049
6    0.637828
Name: loss, dtype: float64","0    0.656210
1    0.649265
2    0.646757
3    0.643937
4    0.641378
5    0.639049
6    0.637828
Name: valloss, dtype: float64",00:00:07
1,ArgumentLevel,bow,"0    0.765813
1    0.768111
2    0.770021
3    0.773597
4    0.775562
5    0.777257
6    0.778568
Name: accuracy, dtype: float64","0    0.003191
1    0.003075
2    0.002922
3    0.002580
4    0.002394
5    0.002233
6    0.002108
Name: sem, dtype: float64","0    0.656525
1    0.650246
2    0.647058
3    0.643299
4    0.642382
5    0.639372
6    0.637380
Name: loss, dtype: float64","0    0.656525
1    0.650246
2    0.647058
3    0.643299
4    0.642382
5    0.639372
6    0.637380
Name: valloss, dtype: float64",00:06:32
2,ReasoningLevel,tfidf,"0    0.728177
1    0.725566
2    0.726282
3    0.728589
4    0.729992
5    0.731900
6    0.732898
Name: accuracy, dtype: float64","0    0.002146
1    0.002421
2    0.002356
3    0.002129
4    0.001990
5    0.001801
6    0.001702
Name: sem, dtype: float64","0    0.663275
1    0.657452
2    0.656226
3    0.653173
4    0.652550
5    0.648625
6    0.647208
Name: loss, dtype: float64","0    0.663275
1    0.657452
2    0.656226
3    0.653173
4    0.652550
5    0.648625
6    0.647208
Name: valloss, dtype: float64",00:00:08
3,ReasoningLevel,bow,"0    0.717656
1    0.725324
2    0.727879
3    0.729882
4    0.731471
5    0.732643
6    0.733699
Name: accuracy, dtype: float64","0    0.002882
1    0.002292
2    0.002095
3    0.001924
4    0.001783
5    0.001677
6    0.001578
Name: sem, dtype: float64","0    0.668523
1    0.659261
2    0.655942
3    0.652678
4    0.651574
5    0.649578
6    0.647776
Name: loss, dtype: float64","0    0.668523
1    0.659261
2    0.655942
3    0.652678
4    0.651574
5    0.649578
6    0.647776
Name: valloss, dtype: float64",00:12:39
