,Label,feature extraction,accuracy,sem,loss,val_loss,time
0,ArgumentLevel,tfidf,"0    0.757875
1    0.765324
2    0.765163
3    0.768684
4    0.772071
5    0.774158
6    0.775449
Name: accuracy, dtype: float64","0    0.003780
1    0.003251
2    0.003266
3    0.002962
4    0.002649
5    0.002464
6    0.002352
Name: sem, dtype: float64","0    0.657909
1    0.651905
2    0.651503
3    0.648435
4    0.644213
5    0.639983
6    0.637879
Name: loss, dtype: float64","0    0.657909
1    0.651905
2    0.651503
3    0.648435
4    0.644213
5    0.639983
6    0.637879
Name: valloss, dtype: float64",00:00:07
1,ArgumentLevel,bow,"0    0.766438
1    0.773742
2    0.774885
3    0.777306
4    0.777376
5    0.778889
6    0.780257
Name: accuracy, dtype: float64","0    0.002997
1    0.002428
2    0.002379
3    0.002170
4    0.002171
5    0.002035
6    0.001909
Name: sem, dtype: float64","0    0.662275
1    0.646852
2    0.645084
3    0.642924
4    0.642928
5    0.639330
6    0.635634
Name: loss, dtype: float64","0    0.662275
1    0.646852
2    0.645084
3    0.642924
4    0.642928
5    0.639330
6    0.635634
Name: valloss, dtype: float64",00:09:29
2,ReasoningLevel,tfidf,"0    0.725833
1    0.725890
2    0.729201
3    0.730185
4    0.731778
5    0.732536
6    0.733696
Name: accuracy, dtype: float64","0    0.002340
1    0.002369
2    0.002052
3    0.001943
4    0.001791
5    0.001718
6    0.001606
Name: sem, dtype: float64","0    0.663211
1    0.658707
2    0.653413
3    0.652542
4    0.650855
5    0.648849
6    0.646835
Name: loss, dtype: float64","0    0.663211
1    0.658707
2    0.653413
3    0.652542
4    0.650855
5    0.648849
6    0.646835
Name: valloss, dtype: float64",00:00:12
3,ReasoningLevel,bow,"0    0.721823
1    0.724870
2    0.725797
3    0.728009
4    0.729730
5    0.731148
6    0.732032
Name: accuracy, dtype: float64","0    0.002489
1    0.002310
2    0.002284
3    0.002097
4    0.001945
5    0.001817
6    0.001738
Name: sem, dtype: float64","0    0.661623
1    0.658179
2    0.654741
3    0.651916
4    0.649906
5    0.648561
6    0.647787
Name: loss, dtype: float64","0    0.661623
1    0.658179
2    0.654741
3    0.651916
4    0.649906
5    0.648561
6    0.647787
Name: valloss, dtype: float64",00:10:14