,feature extraction,accuracy,sem,Label
0,tfidf,"[0.3166666666666666, 0.30882352941176466, 0.32, 0.28823529411764703, 0.26666666666666666]","[0.02131066917793262, 0.015959628035391867, 0.025298221281347035, 0.038672711614345136, 0.06666666666666667]",ArgumentLevel
1,bow,"[0.34285714285714286, 0.33235294117647063, 0.32799999999999996, 0.3647058823529411, 0.45555555555555555]","[0.01781741612749496, 0.01756516947761658, 0.026532998322843195, 0.028817526385684442, 0.038667801884853886]",ArgumentLevel
2,tfidf,"[0.33809523809523806, 0.33235294117647063, 0.33199999999999996, 0.28823529411764703, 0.31111111111111117]","[0.014547859349066154, 0.01913649146661091, 0.03101254226563468, 0.03867271161434513, 0.05689737591013784]",ReasoningLevel
3,bow,"[0.3619047619047619, 0.3529411764705882, 0.372, 0.2823529411764706, 0.35555555555555557]","[0.03090146402211395, 0.02441156783919359, 0.022350739485653612, 0.03485566438162975, 0.04625924443258072]",ReasoningLevel
