,feature extraction,accuracy,sem,Label
0,tfidf,"[0.3651685393258427, 0.36249999999999993, 0.3555555555555555, 0.3694444444444444, 0.45]","[0.01851945365554474, 0.016750048625116244, 0.010973079527550111, 0.014958791130929176, 0.03652422763577041]",ArgumentLevel
1,bow,"[0.3887640449438202, 0.38472222222222224, 0.37222222222222223, 0.3694444444444444, 0.37777777777777777]","[0.01362801902521367, 0.011902740863131889, 0.01689374343630124, 0.021930961633938907, 0.02592592592592592]",ArgumentLevel
2,tfidf,"[0.42921348314606744, 0.4458333333333333, 0.41666666666666663, 0.4527777777777778, 0.4666666666666667]","[0.012285557653076198, 0.019026594988920842, 0.008838161150170587, 0.02987456630537348, 0.02062134949196305]",ReasoningLevel
3,bow,"[0.4393258426966292, 0.4541666666666666, 0.40925925925925927, 0.42777777777777776, 0.4166666666666667]","[0.009831014792813996, 0.013265322946198517, 0.02711134722962685, 0.024567591039669625, 0.03014596406685131]",ReasoningLevel
