,feature extraction,accuracy,sem,Label
0,tfidf,"[0.4053416666666667, 0.4092315789473684, 0.4124137931034483, 0.4122105263157894, 0.41972]","[0.0009914884280991661, 0.0011528765199303426, 0.0013974058276958645, 0.0019108943237505069, 0.0028710530852506595]",ArgumentLevel
1,bow,"[0.3993083333333333, 0.40290526315789477, 0.40202758620689655, 0.4022526315789473, 0.40396]","[0.0010692686367327594, 0.0011974259429694508, 0.0014577962662291708, 0.0019815843825398615, 0.0028456574752746744]",ArgumentLevel
2,tfidf,"[0.5486333333333334, 0.554778947368421, 0.5522068965517242, 0.5567157894736842, 0.55532]","[0.0009711774908490913, 0.0012283268046706301, 0.0015024518116605722, 0.0020734251005858468, 0.0029399551653979043]",ReasoningLevel
3,bow,"[0.544625, 0.5492526315789473, 0.5484551724137932, 0.5508, 0.5538400000000001]","[0.001010104057716976, 0.0012299694790690787, 0.0015164491566161745, 0.002045656066454635, 0.0029792704108342278]",ReasoningLevel
